[{"area":652230,"population":32225560,"url":"/afghanistan","name":"Afghanistan","code":"af","continent":"asia"},{"area":29743,"population":2957500,"url":"/armenia","name":"Armenia","code":"am","continent":"asia"},{"area":86600,"population":10067108,"url":"/azerbaijan","name":"Azerbaijan","code":"az","continent":"asia"},{"area":778,"population":1543300,"url":"/bahrain","name":"Bahrain","code":"bh","continent":"asia"},{"area":147570,"population":168163758,"url":"/bangladesh","name":"Bangladesh","code":"bd","continent":"asia"},{"area":38394,"population":741672,"url":"/bhutan","name":"Bhutan","code":"bt","continent":"asia"},{"area":5765,"population":442400,"url":"/brunei","name":"Brunei","code":"bn","continent":"asia"},{"area":181035,"population":15288489,"url":"/cambodia","name":"Cambodia","code":"kh","continent":"asia"},{"area":9596960,"population":1401492920,"url":"/the-people-s-republic-of-china","name":"China","code":"cn","continent":"asia"},{"area":1002450,"population":100052943,"url":"/egypt","name":"Egypt","code":"eg","continent":"asia"},{"area":69700,"population":3723464,"url":"/georgia","name":"Georgia","code":"ge","continent":"asia"},{"area":1104,"population":7500700,"url":"/hong-kong","name":"Hong Kong","code":"hk","continent":"asia"},{"area":3287260,"population":1359072550,"url":"/india","name":"India","code":"in","continent":"asia"},{"area":1910930,"population":266911900,"url":"/indonesia","name":"Indonesia","code":"id","continent":"asia"},{"area":1648200,"population":83230120,"url":"/iran","name":"Iran","code":"ir","continent":"asia"},{"area":438317,"population":39127900,"url":"/iraq","name":"Iraq","code":"iq","continent":"asia"},{"area":20770,"population":9164160,"url":"/israel","name":"Israel","code":"il","continent":"asia"},{"area":377975,"population":126010000,"url":"/japan","name":"Japan","code":"jp","continent":"asia"},{"area":89342,"population":10622608,"url":"/jordan","name":"Jordan","code":"jo","continent":"asia"},{"area":2724900,"population":18651680,"url":"/kazakhstan","name":"Kazakhstan","code":"kz","continent":"asia"},{"area":120540,"population":25450000,"url":"/north-korea","name":"North Korea","code":"kp","continent":"asia"},{"area":100210,"population":51780579,"url":"/south-korea","name":"South Korea","code":"kr","continent":"asia"},{"area":17818,"population":4420110,"url":"/kuwait","name":"Kuwait","code":"kw","continent":"asia"},{"area":199951,"population":6490300,"url":"/kyrgyzstan","name":"Kyrgyzstan","code":"kg","continent":"asia"},{"area":236800,"population":7123205,"url":"/laos","name":"Laos","code":"la","continent":"asia"},{"area":10452,"population":6855713,"url":"/lebanon","name":"Lebanon","code":"lb","continent":"asia"},{"area":30,"population":676100,"url":"/macau","name":"Macau","code":"mo","continent":"asia"},{"area":330803,"population":32700760,"url":"/malaysia","name":"Malaysia","code":"my","continent":"asia"},{"area":300,"population":374775,"url":"/maldives","name":"Maldives","code":"mv","continent":"asia"},{"area":1564110,"population":3304526,"url":"/mongolia","name":"Mongolia","code":"mn","continent":"asia"},{"area":676578,"population":54339766,"url":"/myanmar","name":"Myanmar","code":"mm","continent":"asia"},{"area":147181,"population":29609623,"url":"/nepal","name":"Nepal","code":"np","continent":"asia"},{"area":309500,"population":4664790,"url":"/oman","name":"Oman","code":"om","continent":"asia"},{"area":907132,"population":218741520,"url":"/pakistan","name":"Pakistan","code":"pk","continent":"asia"},{"area":6020,"population":5051953,"url":"/palestine","name":"Palestine","code":"ps","continent":"asia"},{"area":300000,"population":108323702,"url":"/the-philippines","name":"Philippines","code":"ph","continent":"asia"},{"area":11586,"population":2747282,"url":"/qatar","name":"Qatar","code":"qa","continent":"asia"},{"area":17098200,"population":146780720,"url":"/russia","name":"Russia","code":"ru","continent":"asia"},{"area":2149690,"population":34218169,"url":"/saudi-arabia","name":"Saudi Arabia","code":"sa","continent":"asia"},{"area":716,"population":5703600,"url":"/singapore","name":"Singapore","code":"sg","continent":"asia"},{"area":65610,"population":21803000,"url":"/sri-lanka","name":"Sri Lanka","code":"lk","continent":"asia"},{"area":185180,"population":17070135,"url":"/syria","name":"Syria","code":"sy","continent":"asia"},{"area":36193,"population":23604265,"url":"/the-republic-of-china","name":"Taiwan","code":"tw","continent":"asia"},{"area":143100,"population":9127000,"url":"/tajikistan","name":"Tajikistan","code":"tj","continent":"asia"},{"area":513120,"population":66474267,"url":"/thailand","name":"Thailand","code":"th","continent":"asia"},{"area":14919,"population":1387149,"url":"/east-timor","name":"Timor-Leste","code":"tl","continent":"asia"},{"area":783562,"population":83154997,"url":"/turkey","name":"Turkey","code":"tr","continent":"asia"},{"area":488100,"population":5942089,"url":"/turkmenistan","name":"Turkmenistan","code":"tm","continent":"asia"},{"area":83600,"population":9770529,"url":"/the-united-arab-emirates","name":"United Arab Emirates","code":"ae","continent":"asia"},{"area":447400,"population":34034952,"url":"/uzbekistan","name":"Uzbekistan","code":"uz","continent":"asia"},{"area":331212,"population":96208984,"url":"/vietnam","name":"Vietnam","code":"vn","continent":"asia"},{"area":527968,"population":29161922,"url":"/yemen","name":"Yemen","code":"ye","continent":"asia"}]