[{"area":199,"population":56700,"url":"/american-samoa","name":"American Samoa","code":"as","continent":"oceania"},{"area":7692020,"population":25627280,"url":"/australia","name":"Australia","code":"au","continent":"oceania"},{"area":135,"population":1928,"url":"/christmas-island","name":"Christmas Island","code":"cx","continent":"oceania"},{"area":14,"population":538,"url":"/cocos-islands","name":"Cocos Islands","code":"cc","continent":"oceania"},{"area":236,"population":15200,"url":"/cook-islands","name":"Cook Islands","code":"ck","continent":"oceania"},{"area":18272,"population":884887,"url":"/fiji","name":"Fiji","code":"fj","continent":"oceania"},{"area":4167,"population":275918,"url":"/french-polynesia","name":"French Polynesia","code":"pf","continent":"oceania"},{"area":549,"population":172400,"url":"/guam","name":"Guam","code":"gu","continent":"oceania"},{"area":1910930,"population":266911900,"url":"/indonesia","name":"Indonesia","code":"id","continent":"oceania"},{"area":811,"population":120100,"url":"/kiribati","name":"Kiribati","code":"ki","continent":"oceania"},{"area":181,"population":55500,"url":"/the-marshall-islands","name":"Marshall Islands","code":"mh","continent":"oceania"},{"area":702,"population":104468,"url":"/micronesia","name":"Micronesia","code":"fm","continent":"oceania"},{"area":21,"population":11000,"url":"/nauru","name":"Nauru","code":"nr","continent":"oceania"},{"area":18575,"population":282200,"url":"/new-caledonia","name":"New Caledonia","code":"nc","continent":"oceania"},{"area":270467,"population":4961213,"url":"/new-zealand","name":"New Zealand","code":"nz","continent":"oceania"},{"area":260,"population":1520,"url":"/niue","name":"Niue","code":"nu","continent":"oceania"},{"area":36,"population":1756,"url":"/norfolk-island","name":"Norfolk Island","code":"nf","continent":"oceania"},{"area":464,"population":56200,"url":"/northern-mariana-islands","name":"Northern Mariana Islands","code":"mp","continent":"oceania"},{"area":459,"population":17900,"url":"/palau","name":"Palau","code":"pw","continent":"oceania"},{"area":462840,"population":8935000,"url":"/papua-new-guinea","name":"Papua New Guinea","code":"pg","continent":"oceania"},{"area":47,"population":50,"url":"/pitcairn-islands","name":"Pitcairn Islands","code":"pn","continent":"oceania"},{"area":2842,"population":200874,"url":"/samoa","name":"Samoa","code":"ws","continent":"oceania"},{"area":28896,"population":680806,"url":"/the-solomon-islands","name":"Solomon Islands","code":"sb","continent":"oceania"},{"area":12,"population":1400,"url":"/tokelau","name":"Tokelau","code":"tk","continent":"oceania"},{"area":747,"population":100651,"url":"/tonga","name":"Tonga","code":"to","continent":"oceania"},{"area":26,"population":10200,"url":"/tuvalu","name":"Tuvalu","code":"tv","continent":"oceania"},{"area":12189,"population":304500,"url":"/vanuatu","name":"Vanuatu","code":"vu","continent":"oceania"},{"area":142,"population":11700,"url":"/wallis-and-futuna","name":"Wallis and Futuna","code":"wf","continent":"oceania"}]