[{"area":2780400,"population":44938712,"url":"/argentina","name":"Argentina","code":"ar","continent":"south-america"},{"area":1098580,"population":11469896,"url":"/bolivia","name":"Bolivia","code":"bo","continent":"south-america"},{"area":8515770,"population":211173432,"url":"/brazil","name":"Brazil","code":"br","continent":"south-america"},{"area":756102,"population":19107216,"url":"/chile","name":"Chile","code":"cl","continent":"south-america"},{"area":1141750,"population":49395678,"url":"/colombia","name":"Colombia","code":"co","continent":"south-america"},{"area":276841,"population":17431712,"url":"/ecuador","name":"Ecuador","code":"ec","continent":"south-america"},{"area":12173,"population":3198,"url":"/falkland-islands","name":"Falkland Islands","code":"fk","continent":"south-america"},{"area":83534,"population":290691,"url":"/french-guiana","name":"French Guiana","code":"gf","continent":"south-america"},{"area":214969,"population":782766,"url":"/guyana","name":"Guyana","code":"gy","continent":"south-america"},{"area":406752,"population":7152703,"url":"/paraguay","name":"Paraguay","code":"py","continent":"south-america"},{"area":1285220,"population":32131400,"url":"/peru","name":"Peru","code":"pe","continent":"south-america"},{"area":163820,"population":581372,"url":"/suriname","name":"Suriname","code":"sr","continent":"south-america"},{"area":5130,"population":1363985,"url":"/trinidad-and-tobago","name":"Trinidad and Tobago","code":"tt","continent":"south-america"},{"area":176215,"population":3518552,"url":"/uruguay","name":"Uruguay","code":"uy","continent":"south-america"},{"area":916445,"population":32219521,"url":"/venezuela","name":"Venezuela","code":"ve","continent":"south-america"}]